	244926 A	244928 G	244930 A	244931 G	244933 G	244936 A	244941 G	244942 G	244946 A	244949 C	244953 A	244954 A	244956 C
SRR2146923_1_processed.vcf	(['A', 1.0, 1.0], ['244926', 'A'])	(['G', 1.0, 1.0], ['244928', 'G'])	(['A', 1.0, 1.0], ['244930', 'A'])	(['G', 1.0, 1.0], ['244931', 'G'])	(['G', 1.0, 1.0], ['244933', 'G'])	(['A', 1.0, 1.0], ['244936', 'A'])	(['G', 1.0, 1.0], ['244941', 'G'])	(['G', 1.0, 1.0], ['244942', 'G'])	(['A', 1.0, 1.0], ['244946', 'A'])	(['C', 1.0, 1.0], ['244949', 'C'])	(['A', 1.0, 1.0], ['244953', 'A'])	(['A', 1.0, 1.0], ['244954', 'A'])	(['C', 1.0, 1.0], ['244956', 'C'])
SRR2146936_1_processed.vcf	(['A', 1.0, 1.0], ['244926', 'A'])	(['G', 1.0, 130.0], ['T', 0.0, 130.0])	(['A', 1.0, 1.0], ['244930', 'A'])	(['G', 1.0, 1.0], ['244931', 'G'])	(['G', 1.0, 1.0], ['244933', 'G'])	(['A', 1.0, 115.0], ['C', 0.0, 115.0])	(['G', 1.0, 1.0], ['244941', 'G'])	(['G', 1.0, 1.0], ['244942', 'G'])	(['A', 1.0, 1.0], ['244946', 'A'])	(['C', 1.0, 1.0], ['244949', 'C'])	(['A', 1.0, 1.0], ['244953', 'A'])	(['A', 1.0, 1.0], ['244954', 'A'])	(['C', 0.95, 66.0], ['A', 0.05, 66.0])
SRR2146948_1_processed.vcf	(['A', 1.0, 1.0], ['244926', 'A'])	(['G', 1.0, 1.0], ['244928', 'G'])	(['A', 1.0, 1.0], ['244930', 'A'])	(['G', 1.0, 1.0], ['244931', 'G'])	(['G', 1.0, 1.0], ['244933', 'G'])	(['A', 1.0, 1.0], ['244936', 'A'])	(['G', 1.0, 1.0], ['244941', 'G'])	(['G', 1.0, 1.0], ['244942', 'G'])	(['A', 1.0, 1.0], ['244946', 'A'])	(['C', 1.0, 1.0], ['244949', 'C'])	(['A', 1.0, 1.0], ['244953', 'A'])	(['A', 1.0, 1.0], ['244954', 'A'])	(['C', 1.0, 1.0], ['244956', 'C'])
SRR2146943_1_processed.vcf	(['A', 1.0, 1.0], ['244926', 'A'])	(['G', 1.0, 1.0], ['244928', 'G'])	(['A', 1.0, 1.0], ['244930', 'A'])	(['G', 1.0, 1.0], ['244931', 'G'])	(['G', 1.0, 1.0], ['244933', 'G'])	(['A', 1.0, 83.0], ['G', 0.0, 83.0])	(['G', 1.0, 1.0], ['244941', 'G'])	(['G', 1.0, 1.0], ['244942', 'G'])	(['A', 1.0, 1.0], ['244946', 'A'])	(['C', 1.0, 1.0], ['244949', 'C'])	(['A', 1.0, 1.0], ['244953', 'A'])	(['A', 0.95, 43.0], ['C', 0.05, 43.0])	(['C', 1.0, 1.0], ['244956', 'C'])
SRR2146949_1_processed.vcf	(['A', 1.0, 1.0], ['244926', 'A'])	(['G', 1.0, 1.0], ['244928', 'G'])	(['A', 1.0, 1.0], ['244930', 'A'])	(['G', 1.0, 1.0], ['244931', 'G'])	(['G', 1.0, 1.0], ['244933', 'G'])	(['A', 1.0, 1.0], ['244936', 'A'])	(['G', 1.0, 1.0], ['244941', 'G'])	(['G', 1.0, 1.0], ['244942', 'G'])	(['A', 1.0, 1.0], ['244946', 'A'])	(['C', 1.0, 1.0], ['244949', 'C'])	(['A', 1.0, 1.0], ['244953', 'A'])	(['A', 1.0, 1.0], ['244954', 'A'])	(['C', 1.0, 1.0], ['244956', 'C'])
SRR2146942_1_processed.vcf	(['A', 1.0, 1.0], ['244926', 'A'])	(['G', 1.0, 1.0], ['244928', 'G'])	(['A', 1.0, 1.0], ['244930', 'A'])	(['G', 1.0, 1.0], ['244931', 'G'])	(['G', 1.0, 1.0], ['244933', 'G'])	(['A', 1.0, 1.0], ['244936', 'A'])	(['G', 1.0, 1.0], ['244941', 'G'])	(['G', 1.0, 1.0], ['244942', 'G'])	(['A', 1.0, 1.0], ['244946', 'A'])	(['C', 1.0, 1.0], ['244949', 'C'])	(['A', 1.0, 1.0], ['244953', 'A'])	(['A', 1.0, 1.0], ['244954', 'A'])	(['C', 1.0, 1.0], ['244956', 'C'])
SRR2146944_1_processed.vcf	(['A', 1.0, 1.0], ['244926', 'A'])	(['G', 1.0, 1.0], ['244928', 'G'])	(['A', 1.0, 1.0], ['244930', 'A'])	(['G', 1.0, 1.0], ['244931', 'G'])	(['G', 1.0, 73.0], ['T', 0.0, 73.0])	(['A', 1.0, 1.0], ['244936', 'A'])	(['G', 1.0, 1.0], ['244941', 'G'])	(['G', 1.0, 58.0], ['T', 0.0, 58.0])	(['A', 1.0, 54.0], ['G', 0.0, 54.0])	(['C', 1.0, 1.0], ['244949', 'C'])	(['A', 1.0, 1.0], ['244953', 'A'])	(['A', 1.0, 48.0], ['C', 0.0, 48.0])	(['C', 1.0, 1.0], ['244956', 'C'])
SRR2146937_1_processed.vcf	(['A', 1.0, 1.0], ['244926', 'A'])	(['G', 1.0, 1.0], ['244928', 'G'])	(['A', 1.0, 1.0], ['244930', 'A'])	(['G', 1.0, 1.0], ['244931', 'G'])	(['G', 1.0, 1.0], ['244933', 'G'])	(['A', 1.0, 1.0], ['244936', 'A'])	(['G', 1.0, 1.0], ['244941', 'G'])	(['G', 1.0, 1.0], ['244942', 'G'])	(['A', 1.0, 1.0], ['244946', 'A'])	(['C', 1.0, 1.0], ['244949', 'C'])	(['A', 1.0, 1.0], ['244953', 'A'])	(['A', 1.0, 1.0], ['244954', 'A'])	(['C', 1.0, 1.0], ['244956', 'C'])
SRR2146932_1_processed.vcf	(['A', 1.0, 1.0], ['244926', 'A'])	(['G', 1.0, 1.0], ['244928', 'G'])	(['A', 1.0, 1.0], ['244930', 'A'])	(['G', 1.0, 1.0], ['244931', 'G'])	(['G', 1.0, 1.0], ['244933', 'G'])	(['A', 1.0, 1.0], ['244936', 'A'])	(['G', 1.0, 1.0], ['244941', 'G'])	(['G', 1.0, 1.0], ['244942', 'G'])	(['A', 1.0, 1.0], ['244946', 'A'])	(['C', 1.0, 1.0], ['244949', 'C'])	(['A', 1.0, 1.0], ['244953', 'A'])	(['A', 1.0, 1.0], ['244954', 'A'])	(['C', 1.0, 1.0], ['244956', 'C'])
SRR2146950_1_processed.vcf	(['A', 1.0, 1.0], ['244926', 'A'])	(['G', 1.0, 1.0], ['244928', 'G'])	(['A', 1.0, 1.0], ['244930', 'A'])	(['G', 1.0, 1.0], ['244931', 'G'])	(['G', 1.0, 1.0], ['244933', 'G'])	(['A', 1.0, 1.0], ['244936', 'A'])	(['G', 1.0, 1.0], ['244941', 'G'])	(['G', 1.0, 1.0], ['244942', 'G'])	(['A', 1.0, 1.0], ['244946', 'A'])	(['C', 1.0, 1.0], ['244949', 'C'])	(['A', 1.0, 1.0], ['244953', 'A'])	(['A', 1.0, 1.0], ['244954', 'A'])	(['C', 1.0, 1.0], ['244956', 'C'])
SRR2146938_1_processed.vcf	(['A', 0.95, 39.0], ['T', 0.05, 39.0])	(['G', 1.0, 1.0], ['244928', 'G'])	(['A', 1.0, 1.0], ['244930', 'A'])	(['G', 1.0, 1.0], ['244931', 'G'])	(['G', 1.0, 1.0], ['244933', 'G'])	(['A', 1.0, 1.0], ['244936', 'A'])	(['G', 1.0, 1.0], ['244941', 'G'])	(['G', 1.0, 1.0], ['244942', 'G'])	(['A', 1.0, 1.0], ['244946', 'A'])	(['C', 1.0, 1.0], ['244949', 'C'])	(['A', 1.0, 1.0], ['244953', 'A'])	(['A', 1.0, 1.0], ['244954', 'A'])	(['C', 1.0, 1.0], ['244956', 'C'])
SRR2146945_1_processed.vcf	(['A', 1.0, 1.0], ['244926', 'A'])	(['G', 1.0, 1.0], ['244928', 'G'])	(['A', 1.0, 1.0], ['244930', 'A'])	(['G', 1.0, 1.0], ['244931', 'G'])	(['G', 1.0, 1.0], ['244933', 'G'])	(['A', 1.0, 1.0], ['244936', 'A'])	(['G', 1.0, 1.0], ['244941', 'G'])	(['G', 1.0, 1.0], ['244942', 'G'])	(['A', 1.0, 1.0], ['244946', 'A'])	(['C', 1.0, 1.0], ['244949', 'C'])	(['A', 0.9, 12.0], ['C', 0.1, 12.0])	(['A', 1.0, 1.0], ['244954', 'A'])	(['C', 1.0, 1.0], ['244956', 'C'])
SRR2146926_1_processed.vcf	(['A', 1.0, 1.0], ['244926', 'A'])	(['G', 1.0, 1.0], ['244928', 'G'])	(['A', 1.0, 1.0], ['244930', 'A'])	(['G', 1.0, 1.0], ['244931', 'G'])	(['G', 1.0, 1.0], ['244933', 'G'])	(['A', 1.0, 1.0], ['244936', 'A'])	(['G', 1.0, 1.0], ['244941', 'G'])	(['G', 1.0, 1.0], ['244942', 'G'])	(['A', 1.0, 1.0], ['244946', 'A'])	(['C', 1.0, 1.0], ['244949', 'C'])	(['A', 1.0, 1.0], ['244953', 'A'])	(['A', 1.0, 1.0], ['244954', 'A'])	(['C', 1.0, 1.0], ['244956', 'C'])
SRR2146940_1_processed.vcf	(['A', 1.0, 46.0], ['C', 0.0, 46.0])	(['G', 1.0, 1.0], ['244928', 'G'])	(['A', 1.0, 1.0], ['244930', 'A'])	(['G', 1.0, 1.0], ['244931', 'G'])	(['G', 1.0, 1.0], ['244933', 'G'])	(['A', 1.0, 1.0], ['244936', 'A'])	(['G', 0.95, 35.0], ['C', 0.05, 35.0])	(['G', 1.0, 1.0], ['244942', 'G'])	(['A', 1.0, 1.0], ['244946', 'A'])	(['C', 1.0, 1.0], ['244949', 'C'])	(['A', 1.0, 1.0], ['244953', 'A'])	(['A', 1.0, 1.0], ['244954', 'A'])	(['C', 1.0, 1.0], ['244956', 'C'])
SRR2146939_1_processed.vcf	(['A', 1.0, 1.0], ['244926', 'A'])	(['G', 1.0, 1.0], ['244928', 'G'])	(['A', 1.0, 1.0], ['244930', 'A'])	(['G', 1.0, 1.0], ['244931', 'G'])	(['G', 1.0, 1.0], ['244933', 'G'])	(['A', 1.0, 1.0], ['244936', 'A'])	(['G', 1.0, 1.0], ['244941', 'G'])	(['G', 1.0, 1.0], ['244942', 'G'])	(['A', 1.0, 1.0], ['244946', 'A'])	(['C', 1.0, 1.0], ['244949', 'C'])	(['A', 1.0, 1.0], ['244953', 'A'])	(['A', 1.0, 1.0], ['244954', 'A'])	(['C', 1.0, 1.0], ['244956', 'C'])
SRR2146946_1_processed.vcf	(['A', 1.0, 1.0], ['244926', 'A'])	(['G', 1.0, 1.0], ['244928', 'G'])	(['A', 1.0, 1.0], ['244930', 'A'])	(['G', 1.0, 1.0], ['244931', 'G'])	(['G', 1.0, 1.0], ['244933', 'G'])	(['A', 1.0, 1.0], ['244936', 'A'])	(['G', 1.0, 1.0], ['244941', 'G'])	(['G', 1.0, 1.0], ['244942', 'G'])	(['A', 1.0, 1.0], ['244946', 'A'])	(['C', 0.95, 21.0], ['A', 0.05, 21.0])	(['A', 1.0, 1.0], ['244953', 'A'])	(['A', 1.0, 1.0], ['244954', 'A'])	(['C', 1.0, 1.0], ['244956', 'C'])
SRR2146941_1_processed.vcf	(['A', 1.0, 1.0], ['244926', 'A'])	(['G', 1.0, 1.0], ['244928', 'G'])	(['A', 1.0, 54.0], ['G', 0.0, 54.0])	(['G', 1.0, 53.0], ['C', 0.0, 53.0])	(['G', 1.0, 1.0], ['244933', 'G'])	(['A', 1.0, 1.0], ['244936', 'A'])	(['G', 1.0, 1.0], ['244941', 'G'])	(['G', 1.0, 1.0], ['244942', 'G'])	(['A', 1.0, 1.0], ['244946', 'A'])	(['C', 1.0, 1.0], ['244949', 'C'])	(['A', 1.0, 1.0], ['244953', 'A'])	(['A', 1.0, 1.0], ['244954', 'A'])	(['C', 1.0, 1.0], ['244956', 'C'])
SRR2146951_1_processed.vcf	(['A', 1.0, 1.0], ['244926', 'A'])	(['G', 1.0, 1.0], ['244928', 'G'])	(['A', 1.0, 1.0], ['244930', 'A'])	(['G', 1.0, 1.0], ['244931', 'G'])	(['G', 1.0, 1.0], ['244933', 'G'])	(['A', 1.0, 1.0], ['244936', 'A'])	(['G', 1.0, 1.0], ['244941', 'G'])	(['G', 1.0, 1.0], ['244942', 'G'])	(['A', 1.0, 1.0], ['244946', 'A'])	(['C', 1.0, 1.0], ['244949', 'C'])	(['A', 1.0, 1.0], ['244953', 'A'])	(['A', 1.0, 1.0], ['244954', 'A'])	(['C', 1.0, 1.0], ['244956', 'C'])
SRR2146935_1_processed.vcf	(['A', 1.0, 1.0], ['244926', 'A'])	(['G', 1.0, 1.0], ['244928', 'G'])	(['A', 1.0, 1.0], ['244930', 'A'])	(['G', 1.0, 1.0], ['244931', 'G'])	(['G', 1.0, 1.0], ['244933', 'G'])	(['A', 1.0, 1.0], ['244936', 'A'])	(['G', 1.0, 1.0], ['244941', 'G'])	(['G', 1.0, 1.0], ['244942', 'G'])	(['A', 1.0, 1.0], ['244946', 'A'])	(['C', 1.0, 1.0], ['244949', 'C'])	(['A', 1.0, 1.0], ['244953', 'A'])	(['A', 1.0, 1.0], ['244954', 'A'])	(['C', 1.0, 1.0], ['244956', 'C'])
SRR2146934_1_processed.vcf	(['A', 1.0, 1.0], ['244926', 'A'])	(['G', 1.0, 1.0], ['244928', 'G'])	(['A', 1.0, 1.0], ['244930', 'A'])	(['G', 1.0, 1.0], ['244931', 'G'])	(['G', 1.0, 1.0], ['244933', 'G'])	(['A', 1.0, 1.0], ['244936', 'A'])	(['G', 1.0, 1.0], ['244941', 'G'])	(['G', 1.0, 1.0], ['244942', 'G'])	(['A', 1.0, 1.0], ['244946', 'A'])	(['C', 1.0, 1.0], ['244949', 'C'])	(['A', 1.0, 1.0], ['244953', 'A'])	(['A', 1.0, 1.0], ['244954', 'A'])	(['C', 1.0, 1.0], ['244956', 'C'])
SRR2146925_1_processed.vcf	(['A', 1.0, 1.0], ['244926', 'A'])	(['G', 1.0, 1.0], ['244928', 'G'])	(['A', 1.0, 1.0], ['244930', 'A'])	(['G', 1.0, 1.0], ['244931', 'G'])	(['G', 1.0, 1.0], ['244933', 'G'])	(['A', 1.0, 1.0], ['244936', 'A'])	(['G', 1.0, 1.0], ['244941', 'G'])	(['G', 1.0, 1.0], ['244942', 'G'])	(['A', 1.0, 1.0], ['244946', 'A'])	(['C', 1.0, 1.0], ['244949', 'C'])	(['A', 1.0, 1.0], ['244953', 'A'])	(['A', 1.0, 1.0], ['244954', 'A'])	(['C', 1.0, 1.0], ['244956', 'C'])
