	148768 G	149076 T	149080 A	149084 A	149094 A	149095 T	149096 T	149099 A	149100 G	149102 T	149108 T	149114 T	149116 A	149117 C	149123 A	149129 T	149131 A	149132 C	149135 G	149138 T	149144 T
SRR2146945_1_processed.vcf	[['G', 0.0, 1.0], ['A', 1.0, 1.0]]	[['T', 1.0, 1.0], ['T', 0.0, 1.0]]	[['A', 1.0, 1.0], ['A', 0.0, 1.0]]	[['A', 1.0, 1.0], ['A', 0.0, 1.0]]	[['A', 1.0, 1.0], ['A', 0.0, 1.0]]	[['T', 1.0, 1.0], ['T', 0.0, 1.0]]	[['T', 1.0, 1.0], ['T', 0.0, 1.0]]	[['A', 0.0, 1.0], ['T', 1.0, 1.0]]	[['G', 1.0, 1.0], ['G', 0.0, 1.0]]	[['T', 1.0, 1.0], ['T', 0.0, 1.0]]	[['T', 1.0, 1.0], ['T', 0.0, 1.0]]	[['T', 1.0, 1.0], ['T', 0.0, 1.0]]	[['A', 1.0, 1.0], ['A', 0.0, 1.0]]	[['C', 1.0, 1.0], ['C', 0.0, 1.0]]	[['A', 0.0, 1.0], ['C', 1.0, 1.0]]	[['T', 1.0, 1.0], ['T', 0.0, 1.0]]	[['A', 1.0, 1.0], ['A', 0.0, 1.0]]	[['C', 0.0, 1.0], ['A', 1.0, 1.0]]	[['G', 1.0, 1.0], ['G', 0.0, 1.0]]	[['T', 1.0, 1.0], ['T', 0.0, 1.0]]	[['T', 1.0, 1.0], ['T', 0.0, 1.0]]
SRR2146934_1_processed.vcf	[['G', 1.0, 1.0], ['G', 0.0, 1.0]]	[['T', 1.0, 1.0], ['T', 0.0, 1.0]]	[['A', 1.0, 1.0], ['A', 0.0, 1.0]]	[['A', 1.0, 1.0], ['A', 0.0, 1.0]]	[['A', 1.0, 1.0], ['A', 0.0, 1.0]]	[['T', 1.0, 1.0], ['T', 0.0, 1.0]]	[['T', 1.0, 1.0], ['T', 0.0, 1.0]]	[['A', 1.0, 1.0], ['A', 0.0, 1.0]]	[['G', 1.0, 1.0], ['G', 0.0, 1.0]]	[['T', 1.0, 1.0], ['T', 0.0, 1.0]]	[['T', 1.0, 1.0], ['T', 0.0, 1.0]]	[['T', 1.0, 1.0], ['T', 0.0, 1.0]]	[['A', 1.0, 1.0], ['A', 0.0, 1.0]]	[['C', 1.0, 1.0], ['C', 0.0, 1.0]]	[['A', 1.0, 1.0], ['A', 0.0, 1.0]]	[['T', 1.0, 1.0], ['T', 0.0, 1.0]]	[['A', 1.0, 1.0], ['A', 0.0, 1.0]]	[['C', 1.0, 1.0], ['C', 0.0, 1.0]]	[['G', 1.0, 1.0], ['G', 0.0, 1.0]]	[['T', 1.0, 1.0], ['T', 0.0, 1.0]]	[['T', 1.0, 1.0], ['T', 0.0, 1.0]]
SRR2146932_1_processed.vcf	[['G', 1.0, 1.0], ['G', 0.0, 1.0]]	[['T', 1.0, 1.0], ['T', 0.0, 1.0]]	[['A', 1.0, 1.0], ['A', 0.0, 1.0]]	[['A', 1.0, 1.0], ['A', 0.0, 1.0]]	[['A', 1.0, 1.0], ['A', 0.0, 1.0]]	[['T', 1.0, 1.0], ['T', 0.0, 1.0]]	[['T', 1.0, 1.0], ['T', 0.0, 1.0]]	[['A', 1.0, 1.0], ['A', 0.0, 1.0]]	[['G', 1.0, 1.0], ['G', 0.0, 1.0]]	[['T', 1.0, 1.0], ['T', 0.0, 1.0]]	[['T', 1.0, 1.0], ['T', 0.0, 1.0]]	[['T', 1.0, 1.0], ['T', 0.0, 1.0]]	[['A', 1.0, 1.0], ['A', 0.0, 1.0]]	[['C', 1.0, 1.0], ['C', 0.0, 1.0]]	[['A', 1.0, 1.0], ['A', 0.0, 1.0]]	[['T', 1.0, 1.0], ['T', 0.0, 1.0]]	[['A', 1.0, 1.0], ['A', 0.0, 1.0]]	[['C', 1.0, 1.0], ['C', 0.0, 1.0]]	[['G', 1.0, 1.0], ['G', 0.0, 1.0]]	[['T', 1.0, 1.0], ['T', 0.0, 1.0]]	[['T', 1.0, 1.0], ['T', 0.0, 1.0]]
SRR2146926_1_processed.vcf	[['G', 1.0, 1.0], ['G', 0.0, 1.0]]	[['T', 1.0, 1.0], ['T', 0.0, 1.0]]	[['A', 1.0, 1.0], ['A', 0.0, 1.0]]	[['A', 1.0, 1.0], ['A', 0.0, 1.0]]	[['A', 1.0, 1.0], ['A', 0.0, 1.0]]	[['T', 1.0, 1.0], ['T', 0.0, 1.0]]	[['T', 1.0, 1.0], ['T', 0.0, 1.0]]	[['A', 1.0, 1.0], ['A', 0.0, 1.0]]	[['G', 1.0, 1.0], ['G', 0.0, 1.0]]	[['T', 1.0, 1.0], ['T', 0.0, 1.0]]	[['T', 1.0, 1.0], ['T', 0.0, 1.0]]	[['T', 1.0, 1.0], ['T', 0.0, 1.0]]	[['A', 1.0, 1.0], ['A', 0.0, 1.0]]	[['C', 1.0, 1.0], ['C', 0.0, 1.0]]	[['A', 1.0, 1.0], ['A', 0.0, 1.0]]	[['T', 1.0, 1.0], ['T', 0.0, 1.0]]	[['A', 1.0, 1.0], ['A', 0.0, 1.0]]	[['C', 1.0, 1.0], ['C', 0.0, 1.0]]	[['G', 1.0, 1.0], ['G', 0.0, 1.0]]	[['T', 1.0, 1.0], ['T', 0.0, 1.0]]	[['T', 1.0, 1.0], ['T', 0.0, 1.0]]
SRR2146936_1_processed.vcf	[['G', 1.0, 1.0], ['G', 0.0, 1.0]]	[['T', 1.0, 1.0], ['T', 0.0, 1.0]]	[['A', 1.0, 1.0], ['A', 0.0, 1.0]]	[['A', 1.0, 1.0], ['A', 0.0, 1.0]]	[['A', 1.0, 1.0], ['A', 0.0, 1.0]]	[['T', 1.0, 1.0], ['T', 0.0, 1.0]]	[['T', 1.0, 1.0], ['T', 0.0, 1.0]]	[['A', 1.0, 1.0], ['A', 0.0, 1.0]]	[['G', 1.0, 1.0], ['G', 0.0, 1.0]]	[['T', 1.0, 1.0], ['T', 0.0, 1.0]]	[['T', 1.0, 1.0], ['T', 0.0, 1.0]]	[['T', 1.0, 1.0], ['T', 0.0, 1.0]]	[['A', 1.0, 1.0], ['A', 0.0, 1.0]]	[['C', 1.0, 1.0], ['C', 0.0, 1.0]]	[['A', 1.0, 1.0], ['A', 0.0, 1.0]]	[['T', 1.0, 1.0], ['T', 0.0, 1.0]]	[['A', 1.0, 1.0], ['A', 0.0, 1.0]]	[['C', 1.0, 1.0], ['C', 0.0, 1.0]]	[['G', 1.0, 1.0], ['G', 0.0, 1.0]]	[['T', 1.0, 1.0], ['T', 0.0, 1.0]]	[['T', 1.0, 1.0], ['T', 0.0, 1.0]]
SRR2146950_1_processed.vcf	[['G', 1.0, 1.0], ['G', 0.0, 1.0]]	[['T', 1.0, 1.0], ['T', 0.0, 1.0]]	[['A', 1.0, 1.0], ['A', 0.0, 1.0]]	[['A', 1.0, 1.0], ['A', 0.0, 1.0]]	[['A', 1.0, 1.0], ['A', 0.0, 1.0]]	[['T', 1.0, 1.0], ['T', 0.0, 1.0]]	[['T', 1.0, 1.0], ['T', 0.0, 1.0]]	[['A', 1.0, 1.0], ['A', 0.0, 1.0]]	[['G', 1.0, 1.0], ['G', 0.0, 1.0]]	[['T', 1.0, 1.0], ['T', 0.0, 1.0]]	[['T', 1.0, 1.0], ['T', 0.0, 1.0]]	[['T', 1.0, 1.0], ['T', 0.0, 1.0]]	[['A', 1.0, 1.0], ['A', 0.0, 1.0]]	[['C', 1.0, 1.0], ['C', 0.0, 1.0]]	[['A', 1.0, 1.0], ['A', 0.0, 1.0]]	[['T', 1.0, 1.0], ['T', 0.0, 1.0]]	[['A', 1.0, 1.0], ['A', 0.0, 1.0]]	[['C', 1.0, 1.0], ['C', 0.0, 1.0]]	[['G', 1.0, 1.0], ['G', 0.0, 1.0]]	[['T', 1.0, 1.0], ['T', 0.0, 1.0]]	[['T', 1.0, 1.0], ['T', 0.0, 1.0]]
SRR2146941_1_processed.vcf	[['G', 1.0, 1.0], ['G', 0.0, 1.0]]	[['T', 1.0, 1.0], ['T', 0.0, 1.0]]	[['A', 1.0, 1.0], ['A', 0.0, 1.0]]	[['A', 1.0, 1.0], ['A', 0.0, 1.0]]	[['A', 1.0, 1.0], ['A', 0.0, 1.0]]	[['T', 1.0, 1.0], ['T', 0.0, 1.0]]	[['T', 1.0, 1.0], ['T', 0.0, 1.0]]	[['A', 1.0, 1.0], ['A', 0.0, 1.0]]	[['G', 1.0, 1.0], ['G', 0.0, 1.0]]	[['T', 1.0, 1.0], ['T', 0.0, 1.0]]	[['T', 1.0, 1.0], ['T', 0.0, 1.0]]	[['T', 1.0, 1.0], ['T', 0.0, 1.0]]	[['A', 1.0, 1.0], ['A', 0.0, 1.0]]	[['C', 1.0, 1.0], ['C', 0.0, 1.0]]	[['A', 1.0, 1.0], ['A', 0.0, 1.0]]	[['T', 1.0, 1.0], ['T', 0.0, 1.0]]	[['A', 1.0, 1.0], ['A', 0.0, 1.0]]	[['C', 1.0, 1.0], ['C', 0.0, 1.0]]	[['G', 1.0, 1.0], ['G', 0.0, 1.0]]	[['T', 1.0, 1.0], ['T', 0.0, 1.0]]	[['T', 1.0, 1.0], ['T', 0.0, 1.0]]
SRR2146949_1_processed.vcf	[['G', 1.0, 1.0], ['G', 0.0, 1.0]]	[['T', 1.0, 1.0], ['T', 0.0, 1.0]]	[['A', 1.0, 1.0], ['A', 0.0, 1.0]]	[['A', 1.0, 1.0], ['A', 0.0, 1.0]]	[['A', 1.0, 1.0], ['A', 0.0, 1.0]]	[['T', 1.0, 1.0], ['T', 0.0, 1.0]]	[['T', 1.0, 1.0], ['T', 0.0, 1.0]]	[['A', 1.0, 1.0], ['A', 0.0, 1.0]]	[['G', 1.0, 1.0], ['G', 0.0, 1.0]]	[['T', 1.0, 1.0], ['T', 0.0, 1.0]]	[['T', 1.0, 1.0], ['T', 0.0, 1.0]]	[['T', 1.0, 1.0], ['T', 0.0, 1.0]]	[['A', 1.0, 1.0], ['A', 0.0, 1.0]]	[['C', 1.0, 1.0], ['C', 0.0, 1.0]]	[['A', 1.0, 1.0], ['A', 0.0, 1.0]]	[['T', 1.0, 1.0], ['T', 0.0, 1.0]]	[['A', 1.0, 1.0], ['A', 0.0, 1.0]]	[['C', 1.0, 1.0], ['C', 0.0, 1.0]]	[['G', 1.0, 1.0], ['G', 0.0, 1.0]]	[['T', 1.0, 1.0], ['T', 0.0, 1.0]]	[['T', 1.0, 1.0], ['T', 0.0, 1.0]]
SRR2146923_1_processed.vcf	[['G', 1.0, 1.0], ['G', 0.0, 1.0]]	[['T', 1.0, 1.0], ['T', 0.0, 1.0]]	[['A', 1.0, 1.0], ['A', 0.0, 1.0]]	[['A', 1.0, 1.0], ['A', 0.0, 1.0]]	[['A', 1.0, 1.0], ['A', 0.0, 1.0]]	[['T', 1.0, 1.0], ['T', 0.0, 1.0]]	[['T', 1.0, 1.0], ['T', 0.0, 1.0]]	[['A', 1.0, 1.0], ['A', 0.0, 1.0]]	[['G', 1.0, 1.0], ['G', 0.0, 1.0]]	[['T', 1.0, 1.0], ['T', 0.0, 1.0]]	[['T', 1.0, 1.0], ['T', 0.0, 1.0]]	[['T', 1.0, 1.0], ['T', 0.0, 1.0]]	[['A', 1.0, 1.0], ['A', 0.0, 1.0]]	[['C', 1.0, 1.0], ['C', 0.0, 1.0]]	[['A', 1.0, 1.0], ['A', 0.0, 1.0]]	[['T', 1.0, 1.0], ['T', 0.0, 1.0]]	[['A', 1.0, 1.0], ['A', 0.0, 1.0]]	[['C', 1.0, 1.0], ['C', 0.0, 1.0]]	[['G', 1.0, 1.0], ['G', 0.0, 1.0]]	[['T', 1.0, 1.0], ['T', 0.0, 1.0]]	[['T', 1.0, 1.0], ['T', 0.0, 1.0]]
SRR2146935_1_processed.vcf	[['G', 1.0, 1.0], ['G', 0.0, 1.0]]	[['T', 0.0, 1.0], ['C', 1.0, 1.0]]	[['A', 1.0, 1.0], ['A', 0.0, 1.0]]	[['A', 1.0, 1.0], ['A', 0.0, 1.0]]	[['A', 0.0, 1.0], ['G', 1.0, 1.0]]	[['T', 1.0, 1.0], ['T', 0.0, 1.0]]	[['T', 1.0, 1.0], ['T', 0.0, 1.0]]	[['A', 1.0, 1.0], ['A', 0.0, 1.0]]	[['G', 1.0, 1.0], ['G', 0.0, 1.0]]	[['T', 0.0, 1.0], ['C', 1.0, 1.0]]	[['T', 1.0, 1.0], ['T', 0.0, 1.0]]	[['T', 0.0, 1.0], ['A', 1.0, 1.0]]	[['A', 1.0, 1.0], ['A', 0.0, 1.0]]	[['C', 0.0, 1.0], ['A', 1.0, 1.0]]	[['A', 1.0, 1.0], ['A', 0.0, 1.0]]	[['T', 0.0, 1.0], ['A', 1.0, 1.0]]	[['A', 1.0, 1.0], ['A', 0.0, 1.0]]	[['C', 1.0, 1.0], ['C', 0.0, 1.0]]	[['G', 1.0, 1.0], ['G', 0.0, 1.0]]	[['T', 1.0, 1.0], ['T', 0.0, 1.0]]	[['T', 1.0, 1.0], ['T', 0.0, 1.0]]
SRR2146948_1_processed.vcf	[['G', 1.0, 1.0], ['G', 0.0, 1.0]]	[['T', 1.0, 1.0], ['T', 0.0, 1.0]]	[['A', 1.0, 1.0], ['A', 0.0, 1.0]]	[['A', 1.0, 1.0], ['A', 0.0, 1.0]]	[['A', 1.0, 1.0], ['A', 0.0, 1.0]]	[['T', 0.0, 1.0], ['G', 1.0, 1.0]]	[['T', 1.0, 1.0], ['T', 0.0, 1.0]]	[['A', 1.0, 1.0], ['A', 0.0, 1.0]]	[['G', 1.0, 1.0], ['G', 0.0, 1.0]]	[['T', 1.0, 1.0], ['T', 0.0, 1.0]]	[['T', 0.0, 1.0], ['G', 1.0, 1.0]]	[['T', 1.0, 1.0], ['T', 0.0, 1.0]]	[['A', 1.0, 1.0], ['A', 0.0, 1.0]]	[['C', 1.0, 1.0], ['C', 0.0, 1.0]]	[['A', 1.0, 1.0], ['A', 0.0, 1.0]]	[['T', 1.0, 1.0], ['T', 0.0, 1.0]]	[['A', 1.0, 1.0], ['A', 0.0, 1.0]]	[['C', 1.0, 1.0], ['C', 0.0, 1.0]]	[['G', 1.0, 1.0], ['G', 0.0, 1.0]]	[['T', 1.0, 1.0], ['T', 0.0, 1.0]]	[['T', 0.0, 1.0], ['G', 1.0, 1.0]]
SRR2146946_1_processed.vcf	[['G', 1.0, 1.0], ['G', 0.0, 1.0]]	[['T', 1.0, 1.0], ['T', 0.0, 1.0]]	[['A', 1.0, 1.0], ['A', 0.0, 1.0]]	[['A', 1.0, 1.0], ['A', 0.0, 1.0]]	[['A', 1.0, 1.0], ['A', 0.0, 1.0]]	[['T', 1.0, 1.0], ['T', 0.0, 1.0]]	[['T', 1.0, 1.0], ['T', 0.0, 1.0]]	[['A', 1.0, 1.0], ['A', 0.0, 1.0]]	[['G', 1.0, 1.0], ['G', 0.0, 1.0]]	[['T', 1.0, 1.0], ['T', 0.0, 1.0]]	[['T', 1.0, 1.0], ['T', 0.0, 1.0]]	[['T', 1.0, 1.0], ['T', 0.0, 1.0]]	[['A', 1.0, 1.0], ['A', 0.0, 1.0]]	[['C', 1.0, 1.0], ['C', 0.0, 1.0]]	[['A', 1.0, 1.0], ['A', 0.0, 1.0]]	[['T', 1.0, 1.0], ['T', 0.0, 1.0]]	[['A', 1.0, 1.0], ['A', 0.0, 1.0]]	[['C', 1.0, 1.0], ['C', 0.0, 1.0]]	[['G', 1.0, 1.0], ['G', 0.0, 1.0]]	[['T', 1.0, 1.0], ['T', 0.0, 1.0]]	[['T', 1.0, 1.0], ['T', 0.0, 1.0]]
SRR2146938_1_processed.vcf	[['G', 1.0, 1.0], ['G', 0.0, 1.0]]	[['T', 1.0, 1.0], ['T', 0.0, 1.0]]	[['A', 1.0, 1.0], ['A', 0.0, 1.0]]	[['A', 1.0, 1.0], ['A', 0.0, 1.0]]	[['A', 1.0, 1.0], ['A', 0.0, 1.0]]	[['T', 1.0, 1.0], ['T', 0.0, 1.0]]	[['T', 1.0, 1.0], ['T', 0.0, 1.0]]	[['A', 1.0, 1.0], ['A', 0.0, 1.0]]	[['G', 1.0, 1.0], ['G', 0.0, 1.0]]	[['T', 1.0, 1.0], ['T', 0.0, 1.0]]	[['T', 1.0, 1.0], ['T', 0.0, 1.0]]	[['T', 1.0, 1.0], ['T', 0.0, 1.0]]	[['A', 1.0, 1.0], ['A', 0.0, 1.0]]	[['C', 1.0, 1.0], ['C', 0.0, 1.0]]	[['A', 1.0, 1.0], ['A', 0.0, 1.0]]	[['T', 1.0, 1.0], ['T', 0.0, 1.0]]	[['A', 1.0, 1.0], ['A', 0.0, 1.0]]	[['C', 1.0, 1.0], ['C', 0.0, 1.0]]	[['G', 1.0, 1.0], ['G', 0.0, 1.0]]	[['T', 1.0, 1.0], ['T', 0.0, 1.0]]	[['T', 1.0, 1.0], ['T', 0.0, 1.0]]
SRR2146951_1_processed.vcf	[['G', 1.0, 1.0], ['G', 0.0, 1.0]]	[['T', 1.0, 1.0], ['T', 0.0, 1.0]]	[['A', 1.0, 1.0], ['A', 0.0, 1.0]]	[['A', 1.0, 1.0], ['A', 0.0, 1.0]]	[['A', 1.0, 1.0], ['A', 0.0, 1.0]]	[['T', 1.0, 1.0], ['T', 0.0, 1.0]]	[['T', 1.0, 1.0], ['T', 0.0, 1.0]]	[['A', 1.0, 1.0], ['A', 0.0, 1.0]]	[['G', 1.0, 1.0], ['G', 0.0, 1.0]]	[['T', 1.0, 1.0], ['T', 0.0, 1.0]]	[['T', 1.0, 1.0], ['T', 0.0, 1.0]]	[['T', 1.0, 1.0], ['T', 0.0, 1.0]]	[['A', 1.0, 1.0], ['A', 0.0, 1.0]]	[['C', 1.0, 1.0], ['C', 0.0, 1.0]]	[['A', 1.0, 1.0], ['A', 0.0, 1.0]]	[['T', 1.0, 1.0], ['T', 0.0, 1.0]]	[['A', 1.0, 1.0], ['A', 0.0, 1.0]]	[['C', 1.0, 1.0], ['C', 0.0, 1.0]]	[['G', 1.0, 1.0], ['G', 0.0, 1.0]]	[['T', 1.0, 1.0], ['T', 0.0, 1.0]]	[['T', 1.0, 1.0], ['T', 0.0, 1.0]]
SRR2146942_1_processed.vcf	[['G', 1.0, 1.0], ['G', 0.0, 1.0]]	[['T', 1.0, 1.0], ['T', 0.0, 1.0]]	[['A', 1.0, 1.0], ['A', 0.0, 1.0]]	[['A', 1.0, 1.0], ['A', 0.0, 1.0]]	[['A', 1.0, 1.0], ['A', 0.0, 1.0]]	[['T', 1.0, 1.0], ['T', 0.0, 1.0]]	[['T', 1.0, 1.0], ['T', 0.0, 1.0]]	[['A', 1.0, 1.0], ['A', 0.0, 1.0]]	[['G', 1.0, 1.0], ['G', 0.0, 1.0]]	[['T', 1.0, 1.0], ['T', 0.0, 1.0]]	[['T', 1.0, 1.0], ['T', 0.0, 1.0]]	[['T', 1.0, 1.0], ['T', 0.0, 1.0]]	[['A', 1.0, 1.0], ['A', 0.0, 1.0]]	[['C', 1.0, 1.0], ['C', 0.0, 1.0]]	[['A', 1.0, 1.0], ['A', 0.0, 1.0]]	[['T', 1.0, 1.0], ['T', 0.0, 1.0]]	[['A', 1.0, 1.0], ['A', 0.0, 1.0]]	[['C', 1.0, 1.0], ['C', 0.0, 1.0]]	[['G', 1.0, 1.0], ['G', 0.0, 1.0]]	[['T', 1.0, 1.0], ['T', 0.0, 1.0]]	[['T', 1.0, 1.0], ['T', 0.0, 1.0]]
SRR2146925_1_processed.vcf	[['G', 1.0, 1.0], ['G', 0.0, 1.0]]	[['T', 1.0, 1.0], ['T', 0.0, 1.0]]	[['A', 0.0, 1.0], ['T', 1.0, 1.0]]	[['A', 0.0, 1.0], ['T', 1.0, 1.0]]	[['A', 1.0, 1.0], ['A', 0.0, 1.0]]	[['T', 1.0, 1.0], ['T', 0.0, 1.0]]	[['T', 1.0, 1.0], ['T', 0.0, 1.0]]	[['A', 1.0, 1.0], ['A', 0.0, 1.0]]	[['G', 0.0, 1.0], ['C', 1.0, 1.0]]	[['T', 0.0, 1.0], ['C', 1.0, 1.0]]	[['T', 1.0, 1.0], ['T', 0.0, 1.0]]	[['T', 1.0, 1.0], ['T', 0.0, 1.0]]	[['A', 0.0, 1.0], ['C', 1.0, 1.0]]	[['C', 1.0, 1.0], ['C', 0.0, 1.0]]	[['A', 1.0, 1.0], ['A', 0.0, 1.0]]	[['T', 1.0, 1.0], ['T', 0.0, 1.0]]	[['A', 0.0, 1.0], ['C', 1.0, 1.0]]	[['C', 1.0, 1.0], ['C', 0.0, 1.0]]	[['G', 0.0, 1.0], ['C', 1.0, 1.0]]	[['T', 0.0, 1.0], ['C', 1.0, 1.0]]	[['T', 0.0, 1.0], ['C', 1.0, 1.0]]
SRR2146937_1_processed.vcf	[['G', 1.0, 1.0], ['G', 0.0, 1.0]]	[['T', 1.0, 1.0], ['T', 0.0, 1.0]]	[['A', 1.0, 1.0], ['A', 0.0, 1.0]]	[['A', 1.0, 1.0], ['A', 0.0, 1.0]]	[['A', 1.0, 1.0], ['A', 0.0, 1.0]]	[['T', 1.0, 1.0], ['T', 0.0, 1.0]]	[['T', 1.0, 1.0], ['T', 0.0, 1.0]]	[['A', 1.0, 1.0], ['A', 0.0, 1.0]]	[['G', 1.0, 1.0], ['G', 0.0, 1.0]]	[['T', 1.0, 1.0], ['T', 0.0, 1.0]]	[['T', 1.0, 1.0], ['T', 0.0, 1.0]]	[['T', 1.0, 1.0], ['T', 0.0, 1.0]]	[['A', 1.0, 1.0], ['A', 0.0, 1.0]]	[['C', 1.0, 1.0], ['C', 0.0, 1.0]]	[['A', 1.0, 1.0], ['A', 0.0, 1.0]]	[['T', 1.0, 1.0], ['T', 0.0, 1.0]]	[['A', 1.0, 1.0], ['A', 0.0, 1.0]]	[['C', 1.0, 1.0], ['C', 0.0, 1.0]]	[['G', 1.0, 1.0], ['G', 0.0, 1.0]]	[['T', 1.0, 1.0], ['T', 0.0, 1.0]]	[['T', 1.0, 1.0], ['T', 0.0, 1.0]]
SRR2146939_1_processed.vcf	[['G', 1.0, 1.0], ['G', 0.0, 1.0]]	[['T', 1.0, 1.0], ['T', 0.0, 1.0]]	[['A', 1.0, 1.0], ['A', 0.0, 1.0]]	[['A', 1.0, 1.0], ['A', 0.0, 1.0]]	[['A', 1.0, 1.0], ['A', 0.0, 1.0]]	[['T', 1.0, 1.0], ['T', 0.0, 1.0]]	[['T', 1.0, 1.0], ['T', 0.0, 1.0]]	[['A', 1.0, 1.0], ['A', 0.0, 1.0]]	[['G', 1.0, 1.0], ['G', 0.0, 1.0]]	[['T', 1.0, 1.0], ['T', 0.0, 1.0]]	[['T', 1.0, 1.0], ['T', 0.0, 1.0]]	[['T', 1.0, 1.0], ['T', 0.0, 1.0]]	[['A', 1.0, 1.0], ['A', 0.0, 1.0]]	[['C', 1.0, 1.0], ['C', 0.0, 1.0]]	[['A', 1.0, 1.0], ['A', 0.0, 1.0]]	[['T', 1.0, 1.0], ['T', 0.0, 1.0]]	[['A', 1.0, 1.0], ['A', 0.0, 1.0]]	[['C', 1.0, 1.0], ['C', 0.0, 1.0]]	[['G', 1.0, 1.0], ['G', 0.0, 1.0]]	[['T', 1.0, 1.0], ['T', 0.0, 1.0]]	[['T', 1.0, 1.0], ['T', 0.0, 1.0]]
SRR2146944_1_processed.vcf	[['G', 1.0, 1.0], ['G', 0.0, 1.0]]	[['T', 1.0, 1.0], ['T', 0.0, 1.0]]	[['A', 1.0, 1.0], ['A', 0.0, 1.0]]	[['A', 1.0, 1.0], ['A', 0.0, 1.0]]	[['A', 1.0, 1.0], ['A', 0.0, 1.0]]	[['T', 1.0, 1.0], ['T', 0.0, 1.0]]	[['T', 1.0, 1.0], ['T', 0.0, 1.0]]	[['A', 1.0, 1.0], ['A', 0.0, 1.0]]	[['G', 1.0, 1.0], ['G', 0.0, 1.0]]	[['T', 1.0, 1.0], ['T', 0.0, 1.0]]	[['T', 1.0, 1.0], ['T', 0.0, 1.0]]	[['T', 1.0, 1.0], ['T', 0.0, 1.0]]	[['A', 1.0, 1.0], ['A', 0.0, 1.0]]	[['C', 1.0, 1.0], ['C', 0.0, 1.0]]	[['A', 1.0, 1.0], ['A', 0.0, 1.0]]	[['T', 1.0, 1.0], ['T', 0.0, 1.0]]	[['A', 1.0, 1.0], ['A', 0.0, 1.0]]	[['C', 1.0, 1.0], ['C', 0.0, 1.0]]	[['G', 1.0, 1.0], ['G', 0.0, 1.0]]	[['T', 1.0, 1.0], ['T', 0.0, 1.0]]	[['T', 1.0, 1.0], ['T', 0.0, 1.0]]
SRR2146940_1_processed.vcf	[['G', 1.0, 1.0], ['G', 0.0, 1.0]]	[['T', 1.0, 1.0], ['T', 0.0, 1.0]]	[['A', 1.0, 1.0], ['A', 0.0, 1.0]]	[['A', 1.0, 1.0], ['A', 0.0, 1.0]]	[['A', 1.0, 1.0], ['A', 0.0, 1.0]]	[['T', 1.0, 1.0], ['T', 0.0, 1.0]]	[['T', 1.0, 1.0], ['T', 0.0, 1.0]]	[['A', 1.0, 1.0], ['A', 0.0, 1.0]]	[['G', 1.0, 1.0], ['G', 0.0, 1.0]]	[['T', 1.0, 1.0], ['T', 0.0, 1.0]]	[['T', 1.0, 1.0], ['T', 0.0, 1.0]]	[['T', 1.0, 1.0], ['T', 0.0, 1.0]]	[['A', 1.0, 1.0], ['A', 0.0, 1.0]]	[['C', 1.0, 1.0], ['C', 0.0, 1.0]]	[['A', 1.0, 1.0], ['A', 0.0, 1.0]]	[['T', 1.0, 1.0], ['T', 0.0, 1.0]]	[['A', 1.0, 1.0], ['A', 0.0, 1.0]]	[['C', 1.0, 1.0], ['C', 0.0, 1.0]]	[['G', 1.0, 1.0], ['G', 0.0, 1.0]]	[['T', 1.0, 1.0], ['T', 0.0, 1.0]]	[['T', 1.0, 1.0], ['T', 0.0, 1.0]]
SRR2146943_1_processed.vcf	[['G', 1.0, 1.0], ['G', 0.0, 1.0]]	[['T', 1.0, 1.0], ['T', 0.0, 1.0]]	[['A', 1.0, 1.0], ['A', 0.0, 1.0]]	[['A', 1.0, 1.0], ['A', 0.0, 1.0]]	[['A', 1.0, 1.0], ['A', 0.0, 1.0]]	[['T', 1.0, 1.0], ['T', 0.0, 1.0]]	[['T', 0.5, 2.0], ['C', 0.5, 2.0]]	[['A', 1.0, 1.0], ['A', 0.0, 1.0]]	[['G', 0.0, 1.0], ['C', 1.0, 1.0]]	[['T', 1.0, 1.0], ['T', 0.0, 1.0]]	[['T', 1.0, 1.0], ['T', 0.0, 1.0]]	[['T', 1.0, 1.0], ['T', 0.0, 1.0]]	[['A', 0.0, 1.0], ['C', 1.0, 1.0]]	[['C', 1.0, 1.0], ['C', 0.0, 1.0]]	[['A', 1.0, 1.0], ['A', 0.0, 1.0]]	[['T', 0.0, 1.0], ['C', 1.0, 1.0]]	[['A', 0.0, 1.0], ['C', 1.0, 1.0]]	[['C', 1.0, 1.0], ['C', 0.0, 1.0]]	[['G', 1.0, 1.0], ['G', 0.0, 1.0]]	[['T', 1.0, 1.0], ['T', 0.0, 1.0]]	[['T', 0.0, 1.0], ['C', 1.0, 1.0]]
